run_id,run_length
0,9
1,3
2,22
3,3
4,21
5,19
6,19
7,6
8,1
9,22
10,1
11,22
12,2
13,4
14,2
15,1
16,3
17,1
18,1
19,1
20,34
21,1
22,2
23,2
24,6
25,11
26,3
27,2
28,1
29,10
30,2
31,33
32,6
33,2
34,30
35,1
36,1
37,1
38,1
39,9
40,17
41,2
42,4
43,2
44,8
45,2
46,2
47,3
48,2
49,3
50,3
51,2
52,3
53,2
54,4
55,1
56,2
57,2
58,18
59,3
60,4
61,3
62,5
63,3
64,5
65,1
66,2
67,2
68,1
69,3
70,1
71,5
72,4
73,5
74,3
75,1
76,22
77,4
78,2
79,4
80,1
81,2
82,2
83,2
84,2
85,2
86,2
87,3
88,1
89,1
90,13
91,4
92,4
93,2
94,1
95,1
96,1
97,8
98,2
99,8
100,7
101,1
102,2
103,10
104,4
105,4
106,1
107,3
108,3
109,12
110,5
111,7
112,2
113,4
114,2
115,29
116,4
117,1
118,18
119,3
120,5
121,3
122,2
123,1
124,2
125,4
126,1
127,1
128,3
129,5
130,1
131,2
132,10
133,3
134,5
135,2
136,2
137,1
138,1
139,3
140,1
141,3
142,2
143,2
144,2
145,2
146,3
147,2
148,1
149,2
150,3
151,12
152,4
153,2
154,1
155,1
156,2
157,3
158,8
159,1
160,1
161,1
162,6
163,1
164,1
165,3
166,1
167,2
168,3
169,3
170,2
171,1
172,3
173,2
174,2
175,2
176,2
177,7
178,2
179,3
180,2
181,2
182,2
183,1
184,1
185,2
186,2
187,1
188,1
189,1
190,6
191,3
192,3
193,6
194,28
195,31
196,8
197,8
198,5
199,3
200,2
201,1
202,4
203,10
204,6
205,1
206,2
207,2
208,3
209,2
210,2
211,2
212,2
213,4
214,2
215,2
216,1
217,1
218,4
219,1
220,2
221,3
222,1
223,2
224,1
225,3
226,1
227,2
228,1
229,25
230,20
231,5
232,1
233,5
234,1
235,28
236,6
237,3
238,6
239,3
240,4
241,5
242,3
243,1
244,1
245,2
246,1
247,1
248,5
249,3
250,2
251,1
252,5
253,2
254,1
255,3
256,2
257,1
258,1
259,2
260,1
261,3
262,1
263,23
264,4
265,3
266,23
267,1
268,23
269,1
270,3
271,1
272,1
273,3
274,25
275,1
276,3
277,2
278,28
279,1
280,3
281,1
282,1
283,4
284,1
285,2
286,2
287,3
288,1
289,5
290,2
291,4
292,1
293,3
294,20
295,20
296,2
297,3
298,8
299,3
300,5
301,3
302,3
303,2
304,2
305,4
306,1
307,22
308,5
309,3
310,2
311,2
312,2
313,2
314,17
315,20
316,2
317,6
318,14
319,1
320,17
321,2
322,9
323,6
324,3
325,1
326,6
327,2
328,4
329,7
330,2
331,6
332,1
333,1
334,3
335,1
336,14
337,2
338,19
339,2
340,2
341,7
342,4
343,1
344,2
345,16
346,13
347,3
348,9
349,3
350,1
351,2
352,2
353,3
354,1
355,14
356,1
357,2
358,3
359,2
360,2
361,2
362,2
363,1
364,2
365,1
366,1
367,20
368,4
369,6
370,6
371,3
372,3
373,2
374,2
375,2
376,2
377,4
378,3
379,2
380,4
381,4
382,1
383,7
384,1
385,1
386,5
387,4
388,18
389,1
390,4
391,4
392,1
393,2
394,2
395,4
396,7
397,3
398,2
399,2
400,4
401,2
402,14
403,2
404,6
405,11
406,1
407,3
408,2
409,4
410,5
411,3
412,5
413,1
414,5
415,3
416,6
417,1
418,2
419,2
420,1
421,2
422,1
423,3
424,3
425,2
426,1
427,5
428,1
429,1
430,3
431,2
432,4
433,2
434,2
435,6
436,4
437,2
438,2
439,3
440,4
441,2
442,3
443,2
444,3
445,2
446,6
447,2
448,4
449,1
450,2
451,1
452,3
453,1
454,2
455,1
456,20
457,1
458,5
459,2
460,2
461,3
462,2
463,1
464,20
465,2
466,5
467,1
468,1
469,12
470,2
471,2
472,1
473,7
474,4
475,7
476,3
477,2
478,3
479,6
480,1
481,6
482,1
483,2
484,2
485,1
486,2
487,3
488,3
489,1
490,3
491,3
492,2
493,2
494,2
495,3
496,2
497,2
498,1
499,2
500,6
501,2
502,1
503,1
504,3
505,3
506,1
507,1
508,3
509,2
510,5
511,3
512,1
513,6
514,2
515,2
516,1
517,1
518,2
519,8
520,2
521,1
522,1
523,3
524,16
525,4
526,1
527,4
528,5
529,2
530,1
531,3
532,3
533,1
534,9
535,7
536,2
537,1
538,4
539,11
540,6
541,3
542,3
543,7
544,1
545,4
546,1
547,2
548,2
549,1
550,1
551,6
552,13
553,3
554,10
555,12
556,6
557,1
558,8
559,4
560,1
561,1
562,4
563,11
564,4
565,2
566,1
567,2
568,1
569,4
570,7
571,2
572,2
573,2
574,2
575,6
576,8
577,1
578,8
579,7
580,2
581,1
582,2
583,1
584,7
585,2
586,2
587,1
588,1
589,2
590,2
591,5
592,10
593,3
594,3
595,2
596,1
597,3
598,3
599,4
600,2
601,4
602,3
603,1
604,11
605,1
606,2
607,1
608,7
609,1
610,9
611,2
612,8
613,8
614,2
615,5
616,1
617,1
618,7
619,7
620,4
621,2
622,4
623,8
624,2
625,2
626,5
627,4
628,10
629,7
630,5
631,2
632,3
633,2
634,1
635,2
636,3
637,1
638,4
639,2
640,2
641,3
642,1
643,1
644,2
645,1
646,3
647,3
648,3
649,2
650,1
651,2
652,2
653,2
654,2
655,2
656,12
657,6
658,8
659,2
660,7
661,2
662,2
663,3
664,7
665,6
666,3
667,1
668,2
669,2
670,1
671,3
672,5
673,7
674,3
675,1
676,7
677,7
678,4
679,7
680,1
681,2
682,2
683,3
684,3
685,2
686,1
687,5
688,1
689,1
690,11
691,1
692,1
693,3
694,2
695,3
696,6
697,3
698,1
699,3
700,5
701,1
702,3
703,5
704,2
705,1
706,2
707,2
708,2
709,1
710,1
711,4
712,2
713,3
714,3
715,1
716,3
717,1
718,2
719,2
720,1
721,2
722,3
723,3
724,3
725,2
726,1
727,2
728,15
729,3
730,1
731,1
732,8
733,6
734,2
735,7
736,6
737,7
738,11
739,2
740,1
741,2
742,4
743,1
744,2
745,1
746,1
747,2
748,2
749,1
750,2
751,3
752,1
753,2
754,1
755,3
756,2
757,2
758,3
759,3
760,3
761,2
762,2
763,3
764,2
765,2
766,1
767,3
768,2
769,1
770,3
771,4
772,2
773,1
774,2
775,1
776,3
777,2
778,1
779,2
780,2
781,2
782,2
783,1
784,2
785,4
786,1
787,1
788,3
789,2
790,2
791,4
792,1
793,2
794,2
795,3
796,1
797,4
798,2
799,4
800,1
801,5
802,1
803,2
804,3
805,2
806,1
807,3
808,5
809,1
810,1
811,17
812,3
813,23
814,1
815,3
816,2
817,9
818,2
819,3
820,4
821,1
822,3
823,1
824,2
825,6
826,3
827,1
828,3
829,3
830,1
831,1
832,17
833,4
834,2
835,1
836,2
837,2
838,4
839,1
840,2
841,1
842,4
843,1
844,2
845,4
846,4
847,4
848,3
849,6
850,1
851,4
852,2
853,1
854,3
855,1
856,1
857,5
858,6
859,3
860,3
861,3
862,1
863,1
864,3
865,1
866,3
867,1
868,2
869,2
870,1
871,3
872,1
873,5
874,2
875,5
876,4
877,3
878,4
879,2
880,2
881,1
882,1
883,2
884,2
885,5
886,1
887,2
888,1
889,4
890,4
891,2
892,5
893,2
894,1
895,3
896,2
897,1
898,2
899,1
900,2
901,2
902,2
903,3
904,1
905,6
906,2
907,4
908,1
909,1
910,2
911,2
912,1
913,3
914,2
915,1
916,4
917,2
918,2
919,2
920,2
921,1
922,2
923,1
924,2
925,2
926,2
927,4
928,2
929,2
930,1
931,2
932,1
933,20
934,3
935,10
936,16
937,3
938,16
939,9
940,7
941,5
942,3
943,1
944,3
945,1
946,2
947,2
948,1
949,3
950,3
951,1
952,5
953,2
954,2
955,2
956,1
957,2
958,1
959,3
960,1
961,1
962,2
963,2
964,5
965,3
966,5
967,4
968,4
969,4
970,1
971,1
972,7
973,4
974,4
975,2
976,6
977,5
978,3
979,4
980,4
981,4
982,4
983,1
984,1
985,2
986,2
987,1
988,2
989,1
990,2
991,1
992,3
993,1
994,2
995,2
996,3
997,2
998,1
999,1
1000,2
1001,3
1002,1
1003,2
1004,3
1005,36
1006,4
1007,4
1008,7
1009,2
1010,3
1011,2
1012,1
1013,2
1014,1
1015,3
1016,1
1017,2
1018,8
1019,23
1020,5
1021,8
1022,1
1023,6
1024,10
1025,8
1026,4
1027,1
1028,5
1029,7
1030,4
1031,1
1032,3
1033,1
1034,2
1035,2
1036,4
1037,2
1038,2
1039,2
1040,2
1041,1
1042,1
1043,3
1044,2
1045,2
1046,6
1047,3
1048,1
1049,1
1050,4
1051,3
1052,1
1053,3
1054,3
1055,1
1056,2
1057,2
1058,4
1059,1
1060,2
1061,3
1062,1
1063,2
1064,2
1065,1
1066,2
1067,3
1068,2
1069,4
1070,2
1071,1
1072,2
1073,1
1074,2
1075,2
1076,2
1077,2
1078,1
1079,1
1080,1
1081,1
1082,3
1083,1
1084,4
1085,1
1086,1
1087,1
1088,2
1089,2
1090,1
1091,3
1092,36
1093,19
1094,2
1095,13
1096,8
1097,13
1098,11
1099,3
1100,18
1101,4
1102,2
1103,4
1104,2
1105,1
1106,16
1107,2
1108,3
1109,21
1110,5
1111,2
1112,9
1113,7
1114,17
1115,2
1116,1
1117,2
1118,3
1119,3
1120,3
1121,2
1122,2
1123,2
1124,2
1125,3
1126,1
1127,2
1128,1
1129,2
1130,1
1131,17
1132,9
1133,2
1134,4
1135,4
1136,12
1137,2
1138,1
1139,1
1140,9
1141,1
1142,3
1143,3
1144,2
1145,1
1146,2
1147,8
1148,1
1149,2
1150,1
1151,9
1152,3
1153,2
1154,2
1155,1
1156,24
1157,6
1158,1
1159,5
1160,6
1161,2
1162,4
1163,10
1164,4
1165,2
1166,4
1167,4
1168,2
1169,27
1170,1
1171,20
1172,2
1173,1
1174,24
1175,1
1176,19
1177,5
1178,21
1179,3
1180,1
1181,10
1182,4
1183,2
1184,3
1185,35
1186,4
1187,3
1188,4
1189,1
1190,13
1191,8
1192,1
1193,8
1194,2
1195,6
1196,32
1197,2
1198,3
1199,1
1200,4
1201,4
1202,3
1203,2
1204,2
1205,3
1206,3
1207,31
1208,1
1209,1
1210,14
1211,6
1212,14
1213,3
1214,3
1215,2
1216,1
1217,2
1218,2
1219,4
1220,3
1221,3
1222,3
1223,3
1224,3
1225,2
1226,2
1227,2
1228,3
1229,2
1230,3
1231,5
1232,2
1233,1
1234,1
1235,2
1236,1
1237,2
1238,2
1239,2
1240,1
1241,1
1242,1
1243,11
1244,1
1245,1
1246,3
1247,3
1248,1
1249,32
1250,2
1251,4
1252,2
1253,1
1254,2
1255,1
1256,1
1257,1
1258,2
1259,2
1260,3
1261,2
1262,2
1263,3
1264,3
1265,2
1266,3
1267,1
1268,1
1269,3
1270,3
1271,3
1272,2
1273,2
1274,3
1275,2
1276,1
1277,2
1278,1
1279,5
1280,2
1281,1
1282,1
1283,2
1284,1
1285,3
1286,2
1287,1
1288,2
1289,3
1290,1
1291,2
1292,3
1293,1
1294,3
1295,1
1296,1
1297,11
1298,2
1299,3
1300,2
1301,1
1302,8
1303,2
1304,1
1305,8
1306,1
1307,2
1308,3
1309,1
1310,2
1311,3
1312,1
1313,2
1314,1
1315,1
1316,2
1317,3
1318,3
1319,3
1320,2
1321,11
1322,2
1323,2
1324,2
1325,2
1326,1
1327,2
1328,1
1329,2
1330,2
1331,1
1332,2
1333,2
1334,2
1335,1
1336,2
1337,2
1338,2
1339,3
1340,2
1341,1
1342,2
1343,2
1344,2
1345,1
1346,1
1347,5
1348,3
1349,2
1350,1
1351,2
1352,1
1353,2
1354,2
1355,2
1356,1
1357,1
1358,3
1359,1
1360,2
1361,2
1362,1
1363,1
1364,2
1365,2
1366,1
1367,3
1368,1
1369,2
1370,1
1371,2
1372,1
1373,1
1374,4
1375,3
1376,2
1377,2
1378,2
1379,1
1380,2
1381,2
1382,3
1383,4
1384,4
1385,1
1386,2
1387,2
1388,3
1389,2
1390,3
1391,1
1392,2
1393,1
1394,2
1395,2
1396,1
1397,1
1398,3
1399,2
1400,1
1401,2
1402,4
1403,4
1404,3
1405,1
1406,2
1407,2
1408,3
1409,1
1410,2
1411,3
1412,3
1413,2
1414,2
1415,3
1416,1
1417,1
1418,2
1419,3
1420,3
1421,1
1422,2
1423,2
1424,1
1425,2
1426,1
1427,33
1428,2
1429,4
1430,2
1431,2
1432,3
1433,1
1434,2
1435,2
1436,1
1437,1
1438,21
1439,38
1440,2
1441,22
1442,6
1443,3
1444,3
1445,35
1446,2
1447,2
1448,2
1449,2
1450,1
1451,1
1452,11
1453,1
1454,1
1455,1
1456,3
1457,2
1458,1
1459,1
1460,1
1461,17
1462,3
1463,1
1464,1
1465,1
1466,2
1467,1
1468,1
1469,1
1470,5
1471,2
1472,2
1473,3
1474,2
1475,3
1476,1
1477,1
1478,3
1479,2
1480,2
1481,3
1482,14
1483,5
1484,20
1485,1
1486,9
1487,11
1488,13
1489,1
1490,16
1491,3
1492,2
1493,7
1494,1
1495,2
1496,1
1497,8
1498,2
1499,1
1500,1
1501,2
1502,2
1503,2
1504,4
1505,1
1506,1
1507,2
1508,2
1509,2
1510,1
1511,2
1512,3
1513,2
1514,3
1515,2
1516,3
1517,4
1518,2
1519,11
1520,5
1521,2
1522,2
1523,2
1524,3
1525,3
1526,8
1527,11
1528,1
1529,2
1530,3
1531,1
1532,1
1533,2
1534,2
1535,1
1536,2
1537,3
1538,13
1539,2
1540,2
1541,2
1542,2
1543,2
1544,10
1545,2
1546,3
1547,2
1548,2
1549,4
1550,1
1551,1
1552,2
1553,1
1554,17
1555,4
1556,1
1557,13
1558,1
1559,5
1560,1
1561,25
1562,4
1563,3
1564,11
1565,3
1566,1
1567,5
1568,3
1569,3
1570,1
1571,3
1572,1
1573,1
1574,2
1575,22
1576,3
1577,2
1578,1
1579,9
1580,1
1581,2
1582,17
1583,10
1584,12
1585,2
1586,12
1587,1
1588,1
1589,1
1590,12
1591,2
1592,1
1593,1
1594,3
1595,7
1596,3
1597,1
1598,2
1599,2
1600,2
1601,2
1602,12
1603,1
1604,11
1605,3
1606,13
1607,1
1608,13
1609,3
1610,2
1611,4
1612,2
1613,3
1614,2
1615,1
1616,11
1617,3
1618,1
1619,2
1620,1
1621,1
1622,2
1623,2
1624,15
1625,2
1626,1
1627,1
1628,3
1629,1
1630,3
1631,1
1632,3
1633,1
1634,3
1635,1
1636,2
1637,2
1638,1
1639,12
1640,1
1641,2
1642,1
1643,5
1644,1
1645,3
1646,4
1647,3
1648,1
1649,2
1650,2
1651,4
1652,2
1653,2
1654,1
1655,11
1656,1
1657,1
1658,11
1659,1
1660,2
1661,2
1662,2
1663,1
1664,2
1665,2
1666,1
1667,13
1668,2
1669,1
1670,14
1671,2
1672,1
1673,3
1674,2
1675,5
1676,3
1677,2
1678,2
1679,4
1680,4
1681,9
1682,3
1683,2
1684,2
1685,3
1686,1
1687,3
1688,2
1689,2
1690,1
1691,2
1692,2
1693,4
1694,1
1695,4
1696,1
1697,3
1698,3
1699,1
1700,1
1701,3
1702,2
1703,1
1704,2
1705,17
1706,2
1707,1
1708,2
1709,2
1710,1
1711,1
1712,15
1713,2
1714,1
1715,2
1716,2
1717,2
1718,1
1719,2
1720,4
1721,1
1722,2
1723,1
1724,10
1725,1
1726,4
1727,1
1728,2
1729,2
1730,3
1731,2
1732,3
1733,2
1734,3
1735,3
1736,3
1737,4
1738,1
1739,2
1740,1
1741,2
1742,2
1743,2
1744,12
1745,4
1746,2
1747,2
1748,9
1749,12
1750,3
1751,16
1752,2
1753,6
1754,33
1755,26
1756,4
1757,2
1758,5
1759,3
1760,2
1761,2
1762,19
1763,36
1764,6
1765,31
1766,26
1767,8
1768,3
1769,3
1770,4
1771,3
1772,2
1773,15
1774,3
1775,30
1776,2
1777,2
1778,2
1779,1
1780,25
1781,12
1782,5
1783,4
1784,5
1785,3
1786,3
1787,2
1788,2
1789,6
1790,4
1791,30
1792,6
1793,10
1794,3
1795,5
1796,5
1797,2
1798,3
1799,1
1800,1
1801,3
1802,1
1803,3
1804,1
1805,1
1806,1
1807,22
1808,3
1809,2
1810,3
1811,3
1812,1
1813,20
1814,3
1815,3
1816,2
1817,1
1818,2
1819,2
1820,2
1821,2
1822,2
1823,2
1824,3
1825,2
1826,2
1827,4
1828,1
1829,3
1830,2
1831,17
1832,2
1833,5
1834,2
1835,2
1836,2
1837,15
1838,2
1839,3
1840,2
1841,3
1842,2
1843,2
1844,4
1845,3
1846,2
1847,4
1848,2
1849,5
1850,19
1851,1
1852,3
1853,1
1854,4
1855,1
1856,19
1857,4
1858,3
1859,2
1860,4
1861,15
1862,4
1863,3
1864,2
1865,1
1866,2
1867,3
1868,1
1869,3
1870,3
1871,2
1872,2
1873,2
1874,1
1875,1
1876,2
1877,3
1878,1
1879,3
1880,3
1881,2
1882,5
1883,2
1884,1
1885,1
1886,3
1887,1
1888,2
1889,3
1890,1
1891,1
1892,2
1893,1
1894,1
1895,1
1896,5
1897,1
1898,3
1899,2
1900,1
1901,5
1902,2
1903,3
1904,1
1905,9
1906,7
1907,2
1908,1
1909,4
1910,3
1911,4
1912,3
1913,1
1914,4
1915,1
1916,2
1917,2
1918,2
1919,4
1920,1
1921,1
1922,3
1923,2
1924,2
1925,1
1926,2
1927,3
1928,1
1929,3
1930,2
1931,3
1932,2
1933,3
1934,2
1935,3
1936,3
1937,2
1938,4
1939,2
1940,2
1941,1
1942,2
1943,1
1944,2
1945,4
1946,1
1947,1
1948,2
1949,3
1950,3
1951,2
1952,16
1953,3
1954,2
1955,6
1956,2
1957,2
1958,4
1959,3
1960,4
1961,2
1962,2
1963,2
1964,2
1965,1
1966,2
1967,2
1968,1
1969,2
1970,2
1971,3
1972,1
1973,20
1974,3
1975,18
1976,4
1977,3
1978,2
1979,2
1980,16
1981,5
1982,4
1983,4
1984,2
1985,1
1986,2
1987,2
1988,3
1989,2
1990,2
1991,3
1992,2
1993,1
1994,3
1995,2
1996,2
1997,1
1998,17
1999,1
2000,4
2001,2
2002,2
2003,1
2004,2
2005,2
2006,2
2007,4
2008,2
2009,2
2010,1
2011,19
2012,5
2013,3
2014,2
2015,4
2016,2
2017,2
2018,2
2019,2
2020,5
2021,4
2022,2
2023,3
2024,3
2025,2
2026,1
2027,2
2028,20
2029,3
2030,3
2031,6
2032,3
2033,2
2034,1
2035,4
2036,1
2037,2
2038,1
2039,1
2040,5
2041,2
2042,2
2043,1
2044,2
2045,1
2046,2
2047,1
2048,1
2049,2
2050,3
2051,4
2052,2
2053,1
2054,4
2055,3
2056,1
2057,2
2058,2
2059,3
2060,2
2061,1
2062,2
2063,2
2064,2
2065,1
2066,2
2067,2
2068,3
2069,3
2070,1
2071,1
2072,17
2073,3
2074,3
2075,2
2076,5
2077,2
2078,1
2079,1
2080,2
2081,2
2082,2
2083,2
2084,2
2085,3
2086,2
2087,2
2088,1
2089,1
2090,2
2091,3
2092,1
2093,2
2094,3
2095,3
2096,2
2097,2
2098,2
2099,5
2100,2
2101,2
2102,1
2103,2
2104,2
2105,4
2106,1
2107,1
2108,5
2109,3
2110,1
2111,2
2112,3
2113,2
2114,1
2115,2
2116,1
2117,3
2118,2
2119,1
2120,2
2121,2
2122,1
2123,4
2124,1
2125,1
2126,2
2127,2
2128,1
2129,3
2130,1
2131,1
2132,2
2133,1
2134,2
2135,1
2136,2
2137,3
2138,1
2139,1
2140,6
2141,2
2142,1
2143,1
2144,2
2145,2
2146,1
2147,1
2148,3
2149,2
2150,1
2151,34
2152,3
2153,2
2154,1
2155,21
2156,2
2157,3
2158,2
2159,1
2160,3
2161,2
2162,1
2163,1
2164,2
2165,1
2166,1
2167,14
2168,2
2169,2
2170,1
2171,1
2172,3
2173,3
2174,1
2175,1
2176,3
2177,2
2178,3
2179,9
2180,3
2181,2
2182,1
2183,12
2184,2
2185,2
2186,1
2187,1
2188,1
2189,4
2190,1
2191,2
2192,1
2193,2
2194,1
2195,1
2196,2
2197,2
2198,1
2199,3
2200,1
2201,2
2202,2
2203,2
2204,2
2205,1
2206,4
2207,1
2208,2
2209,1
2210,27
2211,2
2212,2
2213,1
2214,3
2215,2
2216,2
2217,2
2218,4
2219,1
2220,2
2221,2
2222,1
2223,2
2224,2
2225,3
2226,3
2227,3
2228,19
2229,3
2230,3
2231,2
2232,13
2233,28
2234,1
2235,1
2236,30
2237,26
2238,15
2239,3
2240,7
2241,2
2242,2
2243,5
2244,4
2245,11
2246,5
2247,3
2248,1
2249,4
2250,4
2251,3
2252,2
2253,1
2254,2
2255,10
2256,3
2257,1
2258,2
2259,1
2260,2
2261,2
2262,1
2263,1
2264,7
2265,3
2266,7
2267,2
2268,24
2269,3
2270,3
2271,2
2272,2
2273,3
2274,3
2275,2
2276,1
2277,1
2278,2
2279,1
2280,2
2281,1
2282,1
2283,2
2284,2
2285,2
2286,2
2287,3
2288,1
2289,1
2290,23
2291,17
2292,1
2293,4
2294,1
2295,1
2296,18
2297,3
2298,2
2299,7
2300,2
2301,3
2302,2
2303,2
2304,2
2305,3
2306,2
2307,1
2308,1
2309,1
2310,19
2311,21
2312,3
2313,4
2314,1
2315,2
2316,3
2317,2
2318,1
2319,2
2320,2
2321,1
2322,2
2323,2
2324,1
2325,3
2326,1
2327,1
2328,1
2329,1
2330,1
2331,22
2332,3
2333,6
2334,2
2335,2
2336,1
2337,1
2338,3
2339,2
2340,1
2341,2
2342,3
2343,1
2344,2
2345,3
2346,2
2347,3
2348,1
2349,2
2350,6
2351,3
2352,2
2353,5
2354,2
2355,4
2356,22
2357,5
2358,2
2359,3
2360,1
2361,3
2362,3
2363,2
2364,1
2365,2
2366,1
2367,2
2368,29
2369,10
2370,2
2371,4
2372,2
2373,1
2374,2
2375,30
2376,3
2377,6
2378,24
2379,3
2380,1
2381,2
2382,2
2383,1
2384,2
2385,1
2386,1
2387,1
2388,3
2389,2
2390,3
2391,4
2392,3
2393,2
2394,2
2395,1
2396,2
2397,1
2398,2
2399,1
2400,1
2401,2
2402,1
2403,1
2404,16
2405,2
2406,5
2407,4
2408,2
2409,2
2410,2
2411,2
2412,19
2413,3
2414,3
2415,3
2416,2
2417,16
2418,3
2419,4
2420,3
2421,2
2422,1
2423,4
2424,1
2425,24
2426,3
2427,2
2428,21
2429,1
2430,3
2431,2
2432,1
2433,2
2434,2
2435,3
2436,2
2437,2
2438,2
2439,1
2440,2
2441,21
2442,3
2443,4
2444,2
2445,2
2446,1
2447,3
2448,4
2449,2
2450,3
2451,3
2452,3
2453,1
2454,2
2455,3
2456,1
2457,1
2458,2
2459,2
2460,2
2461,2
2462,2
2463,4
2464,2
2465,3
2466,2
2467,2
2468,2
2469,1
2470,9
2471,1
2472,2
2473,1
2474,2
2475,1
2476,3
2477,1
2478,4
2479,3
2480,2
2481,3
2482,1
2483,2
2484,2
2485,2
2486,3
2487,5
2488,3
2489,2
2490,3
2491,4
2492,3
2493,1
2494,2
2495,2
2496,1
2497,2
2498,3
2499,3
2500,5
2501,2
2502,2
2503,2
2504,2
2505,1
2506,34
2507,6
2508,4
2509,2
2510,1
2511,5
2512,2
2513,10
2514,9
2515,3
2516,1
2517,1
2518,2
2519,2
2520,1
2521,1
2522,3
2523,1
2524,1
2525,3
2526,3
2527,1
2528,4
2529,2
2530,3
2531,2
2532,1
2533,1
2534,3
2535,1
2536,1
2537,1
2538,17
2539,36
2540,20
2541,26
2542,3
2543,3
2544,1
2545,3
2546,2
2547,1
2548,2
2549,1
2550,3
2551,2
2552,1
2553,1
2554,1
2555,26
2556,3
2557,27
2558,12
2559,1
2560,1
2561,1
2562,14
2563,16
2564,3
2565,1
2566,2
2567,1
2568,1
2569,2
2570,2
2571,3
2572,2
2573,1
2574,1
2575,2
2576,2
2577,3
2578,1
2579,3
2580,2
2581,1
2582,2
2583,3
2584,27
2585,4
2586,1
2587,2
2588,2
2589,13
2590,4
2591,4
2592,6
2593,4
2594,3
2595,3
2596,2
2597,1
2598,1
2599,3
2600,7
2601,6
2602,3
2603,2
2604,4
2605,1
2606,5
2607,4
2608,1
2609,3
2610,5
2611,4
2612,3
2613,1
2614,5
2615,1
2616,1
2617,3
2618,1
2619,3
2620,2
2621,2
2622,3
2623,3
2624,2
2625,2
2626,2
2627,1
2628,1
2629,2
2630,2
2631,27
2632,22
2633,3
2634,3
2635,3
2636,1
2637,1
2638,1
2639,2
2640,3
2641,2
2642,3
2643,1
2644,3
2645,2
2646,1
2647,4
2648,2
2649,1
2650,3
2651,2
2652,2
2653,2
2654,1
2655,1
2656,12
2657,11
2658,10
2659,2
2660,3
2661,3
2662,3
2663,2
2664,1
2665,3
2666,1
2667,13
2668,2
2669,6
2670,2
2671,5
2672,2
2673,6
2674,1
2675,1
2676,16
2677,1
2678,5
2679,1
2680,3
2681,3
2682,14
2683,1
2684,2
2685,1
2686,1
2687,3
2688,13
2689,1
2690,10
2691,1
2692,3
2693,2
2694,1
2695,3
2696,14
2697,3
2698,1
2699,1
2700,6
2701,3
2702,4
2703,2
2704,2
2705,1
2706,2
2707,1
2708,5
2709,1
2710,2
2711,2
2712,4
2713,1
2714,5
2715,6
2716,3
2717,1
2718,3
2719,4
2720,4
2721,2
2722,1
2723,6
2724,2
2725,1
2726,7
2727,3
2728,2
2729,1
2730,3
2731,6
2732,2
2733,4
2734,3
2735,2
2736,2
2737,1
2738,1
2739,1
2740,4
2741,4
2742,2
2743,1
2744,13
2745,14
2746,4
2747,2
2748,14
2749,1
2750,1
2751,2
2752,13
2753,1
2754,1
2755,11
2756,1
2757,9
2758,3
2759,7
2760,2
2761,5
2762,2
2763,3
2764,3
2765,1
2766,1
2767,2
2768,1
2769,2
2770,1
2771,4
2772,3
2773,1
2774,2
2775,1
2776,1
2777,1
2778,2
2779,4
2780,3
2781,2
2782,6
2783,6
2784,2
2785,5
2786,1
2787,4
2788,4
2789,3
2790,2
2791,1
2792,6
2793,1
2794,9
2795,4
2796,4
2797,5
2798,3
2799,1
2800,4
2801,1
2802,5
2803,2
2804,1
2805,3
2806,1
2807,2
2808,2
2809,3
2810,2
2811,2
2812,2
2813,3
2814,3
2815,6
2816,3
2817,5
2818,1
2819,1
2820,1
2821,2
2822,1
2823,1
2824,3
2825,3
2826,2
2827,4
2828,1
2829,1
2830,1
2831,1
2832,4
2833,4
2834,1
2835,3
2836,1
2837,1
2838,5
2839,5
2840,1
2841,1
2842,2
2843,1
2844,4
2845,1
2846,2
2847,2
2848,1
2849,2
2850,2
2851,3
2852,2
2853,3
2854,2
2855,4
2856,2
2857,10
2858,4
2859,10
2860,2
2861,6
2862,2
2863,1
2864,2
2865,6
2866,1
2867,7
2868,1
2869,3
2870,3
2871,1
2872,3
2873,1
2874,3
2875,2
2876,3
2877,2
2878,2
2879,6
2880,1
2881,2
2882,4
2883,4
2884,5
2885,3
2886,2
2887,2
2888,3
2889,2
2890,2
2891,1
2892,2
2893,1
2894,1
2895,1
2896,3
2897,3
2898,2
2899,3
2900,4
2901,3
2902,3
2903,2
2904,1
2905,2
2906,3
2907,3
2908,2
2909,2
2910,2
2911,2
2912,3
2913,3
2914,1
2915,2
2916,2
2917,1
2918,1
2919,3
2920,1
2921,1
2922,2
2923,2
2924,1
2925,2
2926,2
2927,1
2928,3
2929,3
2930,1
2931,2
2932,2
2933,1
2934,3
2935,2
2936,1
2937,2
2938,1
2939,2
2940,3
2941,2
2942,1
2943,1
2944,2
2945,4
2946,2
2947,2
2948,2
2949,1
2950,2
2951,2
2952,3
2953,3
2954,1
2955,2
2956,1
2957,2
2958,2
2959,3
2960,3
2961,1
2962,2
2963,2
2964,2
2965,1
2966,5
2967,2
2968,1
2969,3
2970,1
2971,2
2972,2
2973,1
2974,1
2975,3
2976,4
2977,1
2978,2
2979,4
2980,1
2981,2
2982,1
2983,1
2984,3
2985,2
2986,1
2987,1
2988,3
2989,2
2990,1
2991,1
2992,1
2993,6
2994,2
2995,4
2996,1
2997,5
2998,1
2999,2
3000,3
3001,2
3002,2
3003,2
3004,3
3005,1
3006,6
3007,1
3008,2
3009,1
3010,3
3011,1
3012,2
3013,4
3014,2
3015,4
3016,1
3017,2
3018,1
3019,4
3020,5
3021,1
3022,1
3023,1
3024,3
3025,5
3026,1
3027,2
3028,2
3029,7
3030,1
3031,4
3032,1
3033,4
3034,1
3035,4
3036,3
3037,2
3038,2
3039,2
3040,1
3041,2
3042,2
3043,2
3044,1
3045,4
3046,4
3047,1
3048,2
3049,2
3050,3
3051,1
3052,1
3053,5
3054,4
3055,4
3056,4
3057,1
3058,4
3059,1
3060,2
3061,2
3062,1
3063,2
3064,2
3065,7
3066,2
3067,4
3068,2
3069,2
3070,1
3071,5
3072,2
3073,4
3074,3
3075,2
3076,2
3077,1
3078,1
3079,1
3080,3
3081,3
3082,2
3083,7
3084,2
3085,1
3086,3
3087,3
3088,1
3089,2
3090,1
3091,3
3092,5
3093,1
3094,5
3095,1
3096,2
3097,1
3098,3
3099,4
3100,1
3101,5
3102,2
3103,1
3104,4
3105,1
3106,2
3107,2
3108,1
3109,4
3110,1
3111,3
3112,1
3113,1
3114,2
3115,2
3116,1
3117,2
3118,2
3119,2
3120,2
3121,1
3122,2
3123,7
3124,2
3125,1
3126,1
3127,4
3128,1
3129,4
3130,3
3131,4
3132,4
3133,1
3134,6
3135,5
3136,1
3137,4
3138,3
3139,4
3140,4
3141,3
3142,2
3143,1
3144,2
3145,3
3146,2
3147,1
3148,4
3149,2
3150,3
3151,1
3152,1
3153,4
3154,1
3155,3
3156,1
3157,1
3158,2
3159,6
3160,2
3161,3
3162,1
3163,2
3164,2
3165,2
3166,2
3167,2
3168,2
3169,3
3170,1
3171,2
3172,1
3173,2
3174,2
3175,4
3176,2
3177,2
3178,2
3179,1
3180,6
3181,3
3182,2
3183,2
3184,1
3185,2
3186,1
3187,2
3188,1
3189,5
3190,2
3191,5
3192,3
3193,3
3194,3
3195,4
3196,1
3197,4
3198,4
3199,2
3200,1
3201,1
3202,4
3203,1
3204,6
3205,3
3206,4
3207,4
3208,6
3209,3
3210,1
3211,7
3212,1
3213,3
3214,2
3215,3
3216,1
3217,3
3218,2
3219,2
3220,1
3221,1
3222,3
3223,1
3224,2
3225,3
3226,1
3227,1
3228,2
3229,6
3230,2
3231,1
3232,3
3233,1
3234,3
3235,2
3236,3
3237,2
3238,2
3239,3
3240,1
3241,7
3242,3
3243,3
3244,1
3245,2
3246,3
3247,4
3248,1
3249,3
3250,1
3251,3
3252,2
3253,2
3254,2
3255,7
3256,3
3257,3
3258,2
3259,1
3260,5
3261,3
3262,2
3263,1
3264,1
3265,2
3266,6
3267,3
3268,4
3269,1
3270,7
3271,5
3272,2
3273,1
3274,3
3275,2
3276,3
3277,6
3278,1
3279,4
3280,1
3281,3
3282,2
3283,2
3284,1
3285,1
3286,1
3287,2
3288,2
3289,2
3290,2
3291,2
3292,2
3293,1
3294,8
3295,3
3296,6
3297,4
3298,3
3299,2
3300,1
3301,4
3302,4
3303,3
3304,2
3305,1
3306,3
3307,1
3308,2
3309,1
3310,1
3311,1
3312,2
3313,2
3314,2
3315,3
3316,1
3317,4
3318,3
3319,2
3320,1
3321,1
3322,1
3323,5
3324,2
3325,1
3326,1
3327,4
3328,2
3329,2
3330,3
3331,1
3332,4
3333,2
3334,2
3335,3
3336,1
3337,4
3338,2
3339,2
3340,1
3341,3
3342,1
3343,1
3344,3
3345,2
3346,1
3347,1
3348,3
3349,1
3350,1
3351,2
3352,2
3353,4
3354,1
3355,3
3356,2
3357,3
3358,2
3359,2
3360,2
3361,3
3362,3
3363,1
3364,3
3365,1
3366,3
3367,1
3368,2
3369,3
3370,2
3371,2
3372,3
3373,2
3374,1
3375,2
3376,1
3377,3
3378,3
3379,1
3380,4
3381,1
3382,5
3383,3
3384,2
3385,4
3386,3
3387,2
3388,1
3389,3
3390,1
3391,2
3392,3
3393,2
3394,3
3395,4
3396,5
3397,1
3398,5
3399,2
3400,1
3401,2
3402,4
3403,4
3404,4
3405,2
3406,2
3407,1
3408,4
3409,2
3410,3
3411,5
3412,3
3413,4
3414,1
3415,3
3416,1
3417,3
3418,1
3419,2
3420,3
3421,2
3422,3
3423,2
3424,1
3425,3
3426,1
3427,2
3428,1
3429,2
3430,4
3431,2
3432,4
3433,2
3434,2
3435,2
3436,2
3437,4
3438,3
3439,2
3440,1
3441,1
3442,1
3443,2
3444,3
3445,2
3446,1
3447,1
3448,2
3449,4
3450,1
3451,3
3452,2
3453,2
3454,2
3455,2
3456,1
3457,6
3458,2
3459,1
3460,1
3461,6
3462,6
3463,5
3464,2
3465,2
3466,3
3467,1
3468,2
3469,1
3470,2
3471,1
3472,2
3473,2
3474,1
3475,3
3476,5
3477,1
3478,2
3479,3
3480,2
3481,2
3482,3
3483,1
3484,4
3485,3
3486,5
3487,2
3488,8
3489,2
3490,2
3491,2
3492,1
3493,7
3494,1
3495,3
3496,3
3497,1
3498,2
3499,4
3500,3
3501,2
3502,1
3503,4
3504,2
3505,2
3506,1
3507,2
3508,1
3509,2
3510,2
3511,2
3512,2
3513,3
3514,3
3515,1
3516,3
3517,3
3518,1
3519,1
3520,2
3521,3
3522,6
3523,1
3524,1
3525,2
3526,3
3527,1
3528,2
3529,2
3530,1
3531,3
3532,4
3533,2
3534,1
3535,2
3536,2
3537,3
3538,2
3539,2
3540,1
3541,2
3542,1
3543,2
3544,3
3545,1
3546,1
3547,3
3548,3
3549,5
3550,4
3551,1
3552,6
3553,5
3554,4
3555,2
3556,5
3557,2
3558,4
3559,2
3560,2
3561,5
3562,2
3563,2
3564,3
3565,3
3566,6
3567,2
3568,6
3569,4
3570,1
3571,3
3572,1
3573,4
3574,2
3575,1
3576,7
3577,2
3578,3
3579,2
3580,2
3581,3
3582,1
3583,4
3584,1
3585,1
3586,4
3587,1
3588,2
3589,1
3590,3
3591,2
3592,2
3593,5
3594,6
3595,3
3596,4
3597,1
3598,1
3599,1
3600,4
3601,1
3602,2
3603,2
3604,2
3605,4
3606,3
3607,1
3608,2
3609,1
3610,2
3611,3
3612,1
3613,2
3614,2
3615,2
3616,1
3617,3
3618,2
3619,30
3620,4
3621,3
3622,3
3623,2
3624,3
3625,2
3626,2
3627,2
3628,1
3629,3
3630,2
3631,2
3632,2
3633,1
3634,3
3635,23
3636,3
3637,1
3638,5
3639,4
3640,2
3641,2
3642,2
3643,14
3644,1
3645,2
3646,1
3647,5
3648,4
3649,2
3650,3
3651,2
3652,2
3653,2
3654,2
3655,8
3656,6
3657,1
3658,3
3659,10
3660,2
3661,2
3662,2
3663,13
3664,1
3665,4
3666,7
3667,3
3668,2
3669,1
3670,15
3671,1
3672,6
3673,10
3674,4
3675,5
3676,2
3677,5
3678,2
3679,2
3680,2
3681,2
3682,3
3683,4
3684,3
3685,1
3686,16
3687,3
3688,1
3689,7
3690,10
3691,13
3692,2
3693,2
3694,11
3695,2
3696,2
3697,3
3698,1
3699,14
3700,4
3701,2
3702,2
3703,1
3704,5
3705,2
3706,1
3707,2
3708,3
3709,4
3710,3
3711,5
3712,1
3713,1
3714,3
3715,3
3716,2
3717,2
3718,2
3719,3
3720,7
3721,2
3722,4
3723,2
3724,3
3725,2
3726,2
3727,1
3728,2
3729,1
3730,2
3731,3
3732,1
3733,1
3734,2
3735,2
3736,3
3737,2
3738,1
3739,1
3740,2
3741,3
3742,2
3743,3
3744,3
3745,2
3746,1
3747,1
3748,3
3749,1
3750,1
3751,3
3752,2
3753,3
3754,13
3755,2
3756,12
3757,1
3758,1
3759,10
3760,3
3761,1
3762,3
3763,3
3764,2
3765,2
3766,2
3767,3
3768,2
3769,1
3770,2
3771,1
3772,3
3773,2
3774,2
3775,2
3776,1
3777,2
3778,3
3779,2
3780,2
3781,2
3782,3
3783,1
3784,3
3785,2
3786,1
3787,1
3788,2
3789,2
3790,2
3791,3
3792,1
3793,2
3794,3
3795,4
3796,1
3797,1
3798,2
3799,13
3800,8
3801,3
3802,3
3803,14
3804,2
3805,2
3806,5
3807,6
3808,1
3809,6
3810,2
3811,5
3812,3
3813,1
3814,2
3815,4
3816,4
3817,1
3818,1
3819,13
3820,2
3821,4
3822,2
3823,3
3824,2
3825,1
3826,1
3827,4
3828,5
3829,3
3830,2
3831,2
3832,1
3833,2
3834,3
3835,6
3836,1
3837,2
3838,4
3839,1
3840,5
3841,4
3842,4
3843,1
3844,1
3845,5
3846,3
3847,1
3848,2
3849,2
3850,4
3851,4
3852,6
3853,1
3854,1
3855,6
3856,7
3857,4
3858,3
3859,2
3860,1
3861,1
3862,1
3863,2
3864,1
3865,4
3866,3
3867,1
3868,2
3869,2
3870,3
3871,4
3872,2
3873,2
3874,1
3875,2
3876,5
3877,2
3878,2
3879,3
3880,2
3881,4
3882,2
3883,2
3884,4
3885,1
3886,2
3887,2
3888,2
3889,3
3890,3
3891,2
3892,3
3893,1
3894,3
3895,2
3896,2
3897,4
3898,2
3899,1
3900,3
3901,1
3902,2
3903,2
3904,1
3905,2
3906,3
3907,1
3908,6
3909,2
3910,2
3911,1
3912,2
3913,2
3914,2
3915,1
3916,2
3917,2
3918,2
3919,1
3920,2
3921,2
3922,1
3923,1
3924,3
3925,2
3926,2
3927,4
3928,2
3929,3
3930,1
3931,2
3932,1
3933,1
3934,4
3935,1
3936,1
3937,3
3938,2
3939,2
3940,4
3941,2
3942,2
3943,2
3944,3
3945,2
3946,2
3947,3
3948,2
3949,2
3950,1
3951,2
3952,1
3953,2
3954,4
3955,2
3956,2
3957,3
3958,3
3959,4
3960,3
3961,6
3962,2
3963,1
3964,5
3965,3
3966,4
3967,3
3968,3
3969,2
3970,3
3971,1
3972,2
3973,2
3974,3
3975,1
3976,3
3977,3
3978,3
3979,4
3980,1
3981,2
3982,2
3983,1
3984,3
3985,1
3986,1
3987,3
3988,1
3989,3
3990,2
3991,1
3992,1
3993,2
3994,2
3995,2
3996,1
3997,4
3998,1
3999,4
4000,2
4001,2
4002,2
4003,1
4004,3
4005,1
4006,3
4007,2
4008,2
4009,1
4010,2
4011,2
4012,3
4013,1
4014,2
4015,1
4016,3
4017,1
4018,5
4019,1
4020,5
4021,4
4022,3
4023,2
4024,2
4025,1
4026,1
4027,6
4028,2
4029,4
4030,2
4031,4
4032,4
4033,2
4034,5
4035,2
4036,2
4037,2
4038,1
4039,2
4040,12
4041,13
4042,1
4043,3
4044,11
4045,1
4046,2
4047,3
4048,2
4049,4
4050,2
4051,3
4052,2
4053,2
4054,1
4055,4
4056,1
4057,1
4058,2
4059,2
4060,3
4061,3
4062,11
4063,2
4064,2
4065,3
4066,1
4067,1
4068,2
4069,2
4070,2
4071,2
4072,2
4073,14
4074,1
4075,1
4076,4
4077,2
4078,6
4079,4
4080,3
4081,1
4082,4
4083,14
4084,2
4085,1
4086,2
4087,1
4088,2
4089,1
4090,2
4091,10
4092,2
4093,1
4094,4
4095,2
4096,2
4097,2
4098,1
4099,1
4100,2
4101,2
4102,2
4103,1
4104,1
4105,9
4106,11
4107,1
4108,5
4109,3
4110,4
4111,2
4112,4
4113,2
4114,1
4115,2
4116,1
4117,2
4118,1
4119,3
4120,2
4121,3
4122,1
4123,1
4124,3
4125,3
4126,1
4127,3
4128,2
4129,3
4130,2
4131,2
4132,2
4133,1
4134,2
4135,2
4136,2
4137,2
4138,3
4139,4
4140,2
4141,3
4142,1
4143,4
4144,1
4145,2
4146,1
4147,2
4148,2
4149,3
4150,1
4151,3
4152,4
4153,3
4154,3
4155,2
4156,1
4157,3
4158,1
4159,1
4160,2
4161,2
4162,2
4163,2
4164,1
4165,2
4166,2
4167,3
4168,3
4169,2
4170,2
4171,2
4172,3
4173,1
4174,1
4175,3
4176,4
4177,2
4178,1
4179,1
4180,1
4181,2
4182,1
4183,2
4184,2
4185,2
4186,2
4187,3
4188,1
4189,2
4190,3
4191,1
4192,2
4193,2
4194,2
4195,1
4196,1
4197,1
4198,2
4199,1
4200,3
4201,2
4202,2
4203,3
4204,1
4205,1
4206,2
4207,1
4208,5
4209,1
4210,1
4211,3
4212,12
4213,2
4214,4
4215,9
4216,1
4217,2
4218,1
4219,3
4220,1
4221,1
4222,2
4223,2
4224,1
4225,3
4226,12
4227,14
4228,2
4229,1
4230,2
4231,8
4232,1
4233,13
4234,11
4235,1
4236,2
4237,1
4238,3
4239,4
4240,2
4241,1
4242,4
4243,2
4244,2
4245,1
4246,2
4247,1
4248,2
4249,3
4250,1
4251,2
4252,2
4253,2
4254,1
4255,1
4256,12
4257,1
4258,2
4259,1
4260,2
4261,5
4262,1
4263,1
4264,4
4265,3
4266,1
4267,9
4268,1
4269,2
4270,3
4271,2
4272,3
4273,1
4274,2
4275,1
4276,3
4277,2
4278,3
4279,1
4280,2
4281,1
4282,3
4283,1
4284,3
4285,2
4286,2
4287,2
4288,2
4289,2
4290,1
4291,2
4292,2
4293,2
4294,2
4295,2
4296,2
4297,2
4298,12
4299,3
4300,2
4301,1
4302,4
4303,2
4304,2
4305,2
4306,2
4307,2
4308,1
4309,4
4310,3
4311,1
4312,4
4313,3
4314,4
4315,1
4316,6
4317,5
4318,2
4319,1
4320,5
4321,2
4322,1
4323,2
4324,4
4325,4
4326,3
4327,5
4328,2
4329,6
4330,2
4331,2
4332,5
4333,1
4334,2
4335,1
4336,1
4337,4
4338,1
4339,2
4340,2
4341,1
4342,1
4343,3
4344,2
4345,1
4346,2
4347,1
4348,1
4349,2
4350,1
4351,1
4352,2
4353,2
4354,3
4355,2
4356,1
4357,2
4358,1
4359,3
4360,1
4361,2
4362,4
4363,1
4364,3
4365,3
4366,2
4367,1
4368,2
4369,2
4370,3
4371,2
4372,2
4373,2
4374,1
4375,5
4376,2
4377,2
4378,2
4379,2
4380,1
4381,3
4382,2
4383,3
4384,1
4385,2
4386,2
4387,2
4388,1
4389,2
4390,2
4391,1
4392,2
4393,1
4394,2
4395,1
4396,2
4397,1
4398,2
4399,1
4400,15
4401,13
4402,1
4403,2
4404,1
4405,6
4406,1
4407,2
4408,2
4409,16
4410,2
4411,5
4412,2
4413,1
4414,12
4415,15
4416,2
4417,1
4418,5
4419,5
4420,1
4421,3
4422,2
4423,1
4424,4
4425,14
4426,2
4427,1
4428,4
4429,2
4430,4
4431,4
4432,11
4433,5
4434,10
4435,3
4436,3
4437,10
4438,3
4439,4
4440,3
4441,2
4442,1
4443,2
4444,2
4445,2
4446,1
4447,13
4448,1
4449,4
4450,4
4451,1
4452,11
4453,4
4454,3
4455,2
4456,12
4457,2
4458,8
4459,2
4460,2
4461,1
4462,13
4463,14
4464,13
4465,1
4466,2
4467,3
4468,3
4469,1
4470,5
4471,3
4472,3
4473,2
4474,1
4475,2
4476,1
4477,3
4478,3
4479,1
4480,2
4481,4
4482,1
4483,2
4484,1
4485,10
4486,1
4487,3
4488,4
4489,3
4490,1
4491,2
4492,1
4493,10
4494,1
4495,1
4496,1
4497,17
4498,12
4499,2
4500,2
4501,3
4502,2
4503,2
4504,2
4505,2
4506,1
4507,2
4508,3
4509,4
4510,2
4511,2
4512,1
4513,2
4514,2
4515,2
4516,1
4517,3
4518,3
4519,2
4520,1
4521,1
4522,1
4523,2
4524,2
4525,2
4526,1
4527,1
4528,2
4529,3
4530,5
4531,1
4532,3
4533,4
4534,1
4535,1
4536,3
4537,3
4538,3
4539,2
4540,2
4541,2
4542,2
4543,2
4544,3
4545,3
4546,2
4547,1
4548,3
4549,7
4550,5
4551,1
4552,3
4553,1
4554,6
4555,1
4556,6
4557,3
4558,2
4559,4
4560,2
4561,1
4562,2
4563,2
4564,1
4565,3
4566,1
4567,3
4568,1
4569,1
4570,3
4571,2
4572,2
4573,2
4574,3
4575,1
4576,2
4577,1
4578,3
4579,1
4580,2
4581,1
4582,4
4583,1
4584,3
4585,1
4586,3
4587,2
4588,1
4589,3
4590,3
4591,1
4592,1
4593,2
4594,3
4595,1
4596,2
4597,2
4598,2
4599,2
4600,2
4601,1
4602,3
4603,1
4604,3
4605,2
4606,1
4607,3
4608,3
4609,2
4610,1
4611,4
4612,2
4613,2
4614,2
4615,2
4616,2
4617,3
4618,1
4619,2
4620,1
4621,1
4622,2
4623,1
4624,2
4625,3
4626,1
4627,5
4628,2
4629,2
4630,5
4631,7
4632,1
4633,3
4634,1
4635,4
4636,4
4637,1
4638,4
4639,1
4640,3
4641,2
4642,3
4643,2
4644,1
4645,2
4646,1
4647,3
4648,3
4649,3
4650,2
4651,4
4652,1
4653,1
4654,2
4655,2
4656,1
4657,1
4658,1
4659,2
4660,2
4661,2
4662,1
4663,2
4664,2
4665,3
4666,2
4667,2
4668,1
4669,2
4670,1
4671,3
4672,1
4673,3
4674,4
4675,1
4676,1
4677,2
4678,2
4679,2
4680,6
4681,2
4682,2
4683,1
4684,3
4685,2
4686,1
4687,1
4688,2
4689,2
4690,3
4691,2
4692,2
4693,3
4694,1
4695,2
4696,1
4697,1
4698,1
4699,2
4700,4
4701,1
4702,4
4703,2
4704,1
4705,2
4706,2
4707,3
4708,1
4709,2
4710,2
4711,2
4712,4
4713,1
4714,2
4715,2
4716,1
4717,4
4718,1
4719,2
4720,3
4721,2
4722,2
4723,1
4724,2
4725,1
4726,2
4727,1
4728,1
4729,2
4730,2
4731,5
4732,2
4733,2
4734,7
4735,2
4736,2
4737,1
4738,3
4739,1
4740,4
4741,1
4742,2
4743,2
4744,1
4745,4
4746,3
4747,2
4748,1
4749,2
4750,3
4751,2
4752,2
4753,2
4754,2
4755,4
4756,1
4757,2
4758,2
4759,1
4760,5
4761,2
4762,1
4763,1
4764,2
4765,2
4766,2
4767,1
4768,1
4769,4
4770,2
4771,1
4772,3
4773,3
4774,1
4775,2
4776,1
4777,2
4778,2
4779,2
4780,2
4781,2
4782,3
4783,3
4784,2
4785,1
4786,1
4787,2
4788,3
4789,2
4790,3
4791,2
4792,2
4793,1
4794,3
4795,2
4796,1
4797,2
4798,2
4799,4
4800,4
4801,2
4802,1
4803,2
4804,2
4805,2
4806,2
4807,1
4808,2
4809,2
4810,1
4811,2
4812,4
4813,1
4814,2
4815,1
4816,4
4817,2
4818,2
4819,1
4820,2
4821,2
4822,2
4823,2
4824,3
4825,2
4826,1
4827,3
4828,3
4829,1
4830,2
4831,1
4832,2
4833,1
4834,3
4835,1
4836,2
4837,2
4838,2
4839,3
4840,1
4841,1
4842,2
4843,2
4844,5
4845,5
4846,2
4847,1
4848,3
4849,1
4850,4
4851,2
4852,1
4853,2
4854,4
4855,2
4856,5
4857,1
4858,1
4859,2
4860,1
4861,2
4862,4
4863,2
4864,2
4865,2
4866,1
4867,2
4868,6
4869,3
4870,2
4871,2
4872,4
4873,1
4874,1
4875,4
4876,3
4877,4
4878,2
4879,4
4880,2
4881,3
4882,2
4883,2
4884,1
4885,1
4886,4
4887,4
4888,5
4889,5
4890,2
4891,2
4892,2
4893,5
4894,6
4895,3
4896,2
4897,6
4898,3
4899,5
4900,5
4901,2
4902,1
4903,1
4904,3
4905,6
4906,7
4907,2
4908,2
4909,2
4910,1
4911,1
4912,3
4913,1
4914,4
4915,1
4916,2
4917,1
4918,2
4919,1
4920,2
4921,2
4922,1
4923,2
4924,2
4925,1
4926,1
4927,1
4928,2
4929,2
4930,1
4931,2
4932,2
4933,2
4934,1
4935,2
4936,14
4937,4
4938,3
4939,2
4940,2
4941,1
4942,1
4943,19
4944,4
4945,1
4946,3
4947,5
4948,3
4949,2
4950,1
4951,2
4952,2
4953,1
4954,2
4955,1
4956,1
4957,2
4958,5
4959,3
4960,1
4961,1
4962,2
4963,2
4964,1
4965,2
4966,3
4967,2
4968,2
4969,1
4970,2
4971,3
4972,1
4973,1
4974,4
4975,3
4976,6
4977,2
4978,5
4979,1
4980,1
4981,5
4982,2
4983,4
4984,3
4985,1
4986,2
4987,2
4988,5
4989,1
4990,2
4991,1
4992,2
4993,2
4994,2
4995,1
4996,1
4997,2
4998,2
4999,1
5000,2
5001,1
5002,2
5003,1
5004,2
5005,1
5006,2
5007,3
5008,2
5009,5
5010,1
5011,2
5012,3
5013,2
5014,2
5015,1
5016,2
5017,3
5018,1
5019,2
5020,2
5021,3
5022,1
5023,2
5024,2
5025,1
5026,3
5027,1
5028,2
5029,3
5030,2
5031,1
5032,1
5033,2
5034,2
5035,2
5036,2
5037,2
5038,2
5039,3
5040,1
5041,2
5042,1
5043,2
5044,2
5045,2
5046,1
5047,1
5048,2
5049,4
5050,1
5051,1
5052,1
5053,2
5054,2
5055,2
5056,2
5057,1
5058,2
5059,1
5060,2
5061,3
5062,1
5063,2
5064,1
5065,2
5066,3
5067,3
5068,2
5069,1
5070,4
5071,1
5072,3
5073,2
5074,1
5075,3
5076,3
5077,2
5078,2
5079,2
5080,1
5081,2
5082,3
5083,2
5084,2
5085,3
5086,2
5087,2
5088,2
5089,2
5090,1
5091,2
5092,2
5093,1
5094,3
5095,1
5096,1
5097,13
5098,3
5099,5
5100,2
5101,1
5102,1
5103,2
5104,2
5105,4
5106,2
5107,2
5108,1
5109,1
5110,1
5111,3
5112,3
5113,2
5114,3
5115,3
5116,1
5117,10
5118,1
5119,1
5120,3
5121,5
5122,1
5123,11
5124,1
5125,1
5126,4
5127,1
5128,1
5129,2
5130,2
5131,1
5132,9
5133,2
5134,2
5135,2
5136,2
5137,1
5138,10
5139,1
5140,6
5141,2
5142,3
5143,12
5144,2
5145,3
5146,1
5147,16
5148,2
5149,3
5150,8
5151,3
5152,3
5153,2
5154,10
5155,2
5156,2
5157,3
5158,1
5159,1
5160,2
5161,1
5162,2
5163,2
5164,2
5165,4
5166,3
5167,3
5168,2
5169,2
5170,1
5171,2
5172,2
5173,2
5174,2
5175,1
5176,3
5177,4
5178,2
5179,2
5180,2
5181,2
5182,2
5183,2
5184,2
5185,1
5186,3
5187,1
5188,5
5189,4
5190,3
5191,2
5192,5
5193,1
5194,1
5195,1
5196,3
5197,1
5198,1
5199,1
5200,3
5201,4
5202,1
5203,1
5204,2
5205,1
5206,1
5207,2
5208,3
5209,2
5210,2
5211,2
5212,2
5213,2
5214,1
5215,1
5216,4
5217,1
5218,1
5219,2
5220,4
5221,1
5222,2
5223,2
5224,3
5225,3
5226,1
5227,1
5228,2
5229,2
5230,1
5231,1
5232,3
5233,1
5234,2
5235,2
5236,2
5237,2
5238,2
5239,2
5240,1
5241,2
5242,1
5243,1
5244,3
5245,1
5246,6
5247,2
5248,2
5249,4
5250,2
5251,2
5252,2
5253,1
5254,4
5255,3
5256,1
5257,2
5258,3
5259,3
5260,2
5261,1
5262,1
5263,1
5264,4
5265,1
5266,1
5267,2
5268,4
5269,1
5270,2
5271,1
5272,1
5273,4
5274,3
5275,2
5276,1
5277,2
5278,2
5279,3
5280,2
5281,1
5282,1
5283,4
5284,2
5285,2
5286,2
5287,3
5288,1
5289,3
5290,2
5291,2
5292,2
5293,1
5294,2
5295,2
5296,2
5297,1
5298,11
5299,3
5300,2
5301,1
5302,1
5303,1
5304,2
5305,1
5306,2
5307,3
5308,4
5309,15
5310,3
5311,1
5312,4
5313,2
5314,1
5315,2
5316,1
5317,3
5318,1
5319,2
5320,1
5321,2
5322,1
5323,3
5324,1
5325,1
5326,2
5327,1
5328,10
5329,2
5330,2
5331,8
5332,12
5333,1
5334,1
5335,10
5336,3
5337,10
5338,1
5339,2
5340,10
5341,1
5342,2
5343,2
5344,2
5345,2
5346,3
5347,1
5348,8
5349,2
5350,5
5351,3
5352,3
5353,2
5354,1
5355,2
5356,2
5357,12
5358,1
5359,5
5360,2
5361,2
5362,1
5363,3
5364,1
5365,2
5366,16
5367,2
5368,1
5369,4
5370,2
5371,14
5372,3
5373,3
5374,3
5375,3
5376,4
5377,2
5378,9
5379,1
5380,15
5381,4
5382,5
5383,13
5384,13
5385,1
5386,1
5387,11
5388,1
5389,2
5390,2
5391,2
5392,1
5393,3
5394,1
5395,2
5396,3
5397,2
5398,2
5399,1
5400,2
5401,1
5402,9
5403,1
5404,13
5405,1
5406,1
5407,9
5408,1
5409,1
5410,3
5411,12
5412,2
5413,2
5414,1
5415,14
5416,1
5417,2
5418,3
5419,12
5420,1
5421,3
5422,3
5423,1
5424,2
5425,2
5426,1
5427,3
5428,3
5429,1
5430,3
5431,2
5432,1
5433,2
5434,2
5435,2
5436,2
5437,1
5438,2
5439,1
5440,2
5441,1
5442,1
5443,2
5444,3
5445,1
5446,12
5447,10
5448,1
5449,3
5450,4
5451,3
5452,1
5453,2
5454,2
5455,15
5456,2
5457,3
5458,2
5459,2
5460,2
5461,3
5462,3
5463,2
5464,2
5465,4
5466,1
5467,1
5468,1
5469,2
5470,1
5471,2
5472,2
5473,11
5474,5
5475,2
5476,1
5477,2
5478,13
5479,1
5480,6
5481,2
5482,1
5483,3
5484,2
5485,1
5486,3
5487,2
5488,1
5489,3
5490,4
5491,2
5492,2
5493,2
5494,1
5495,11
5496,2
5497,2
5498,2
5499,1
5500,3
5501,2
5502,1
5503,1
5504,1
5505,2
5506,4
5507,5
5508,1
5509,2
5510,2
5511,5
5512,2
5513,5
5514,5
5515,1
5516,2
5517,3
5518,15
5519,1
5520,3
5521,14
5522,3
5523,2
5524,2
5525,1
5526,13
5527,1
5528,2
5529,11
5530,13
5531,2
5532,12
5533,1
5534,13
5535,2
5536,12
5537,1
5538,3
5539,1
5540,3
5541,1
5542,2
5543,4
5544,2
5545,1
5546,2
5547,2
5548,4
5549,1
5550,4
5551,1
5552,6
5553,3
5554,3
5555,1
5556,2
5557,1
5558,1
5559,3
5560,3
5561,1
5562,3
5563,2
5564,2
5565,4
5566,6
5567,6
5568,4
5569,8
5570,2
5571,3
5572,1
5573,1
5574,5
5575,2
5576,3
5577,3
5578,1
5579,2
5580,1
5581,2
5582,1
5583,2
5584,1
5585,1
5586,1
5587,2
5588,3
5589,2
5590,2
5591,2
5592,2
5593,1
5594,1
5595,1
5596,4
5597,1
5598,2
5599,4
5600,6
5601,1
5602,4
5603,5
5604,1
5605,5
5606,13
5607,1
5608,1
5609,2
5610,3
5611,1
5612,1
5613,2
5614,15
5615,14
5616,4
5617,4
5618,2
5619,1
5620,1
5621,14
5622,2
5623,3
5624,3
5625,3
5626,13
5627,2
5628,2
5629,1
5630,1
5631,7
5632,12
5633,6
5634,2
5635,4
5636,2
5637,1
5638,3
5639,2
5640,3
5641,1
5642,7
5643,2
5644,4
5645,4
5646,1
5647,4
5648,3
5649,1
5650,1
5651,6
5652,4
5653,1
5654,6
5655,2
5656,14
5657,5
5658,1
5659,3
5660,2
5661,1
5662,1
5663,2
5664,2
5665,2
5666,2
5667,2
5668,5
5669,1
5670,1
5671,2
5672,2
5673,17
5674,1
5675,6
5676,2
5677,1
5678,1
5679,13
5680,2
5681,1
5682,12
5683,4
5684,2
5685,1
5686,4
5687,1
5688,1
5689,2
5690,2
5691,1
5692,1
5693,2
5694,1
5695,6
5696,3
5697,3
5698,2
5699,15
5700,12
5701,10
5702,1
5703,1
5704,9
5705,3
5706,1
5707,2
5708,3
5709,3
5710,1
5711,4
5712,1
5713,2
5714,1
5715,2
5716,1
5717,4
5718,2
5719,2
5720,2
5721,2
5722,2
5723,2
5724,3
5725,2
5726,3
5727,2
5728,1
5729,2
5730,2
5731,1
5732,2
5733,2
5734,2
5735,4
5736,3
5737,1
5738,3
5739,1
5740,2
5741,1
5742,2
5743,2
5744,1
5745,3
5746,2
5747,3
5748,3
5749,2
5750,1
5751,2
5752,3
5753,1
5754,3
5755,2
5756,1
5757,3
5758,1
5759,1
5760,2
5761,2
5762,1
5763,1
5764,10
5765,4
5766,2
5767,2
5768,1
5769,2
5770,2
5771,1
5772,4
5773,5
5774,5
5775,5
5776,2
5777,1
5778,2
5779,2
5780,2
5781,1
5782,2
5783,2
5784,1
5785,2
5786,1
5787,2
5788,2
5789,1
5790,4
5791,2
5792,13
5793,10
5794,1
5795,1
5796,10
5797,1
5798,2
5799,4
5800,1
5801,18
5802,9
5803,7
5804,1
5805,5
5806,6
5807,3
5808,3
5809,1
5810,2
5811,1
5812,1
5813,6
5814,1
5815,2
5816,4
5817,7
5818,3
5819,1
5820,1
5821,2
5822,5
5823,3
5824,4
5825,2
5826,2
5827,2
5828,1
5829,16
5830,1
5831,5
5832,13
5833,13
5834,11
5835,1
5836,2
5837,1
5838,2
5839,2
5840,1
5841,3
5842,3
5843,1
5844,2
5845,3
5846,2
5847,3
5848,3
5849,2
5850,2
5851,2
5852,2
5853,4
5854,2
5855,2
5856,1
5857,2
5858,1
5859,3
5860,1
5861,2
5862,2
5863,3
5864,3
5865,1
5866,2
5867,1
5868,3
5869,1
5870,1
5871,3
5872,2
5873,2
5874,1
5875,2
5876,1
5877,5
5878,2
5879,1
5880,2
5881,2
5882,3
5883,2
5884,1
5885,11
5886,3
5887,1
5888,4
5889,8
5890,3
5891,2
5892,1
5893,4
5894,2
5895,2
5896,1
5897,1
5898,5
5899,3
5900,4
5901,2
5902,2
5903,2
5904,5
5905,6
5906,6
5907,1
5908,2
5909,2
5910,1
5911,3
5912,1
5913,3
5914,1
5915,2
5916,1
5917,2
5918,1
5919,2
5920,2
5921,2
5922,1
5923,2
5924,1
5925,1
5926,3
5927,2
5928,2
5929,2
5930,2
5931,1
5932,4
5933,3
5934,2
5935,1
5936,4
5937,1
5938,3
5939,2
5940,2
5941,1
5942,1
5943,3
5944,1
5945,2
5946,1
5947,3
5948,2
5949,2
5950,2
5951,1
5952,20
5953,1
5954,1
5955,10
5956,3
5957,3
5958,3
5959,4
5960,3
5961,1
5962,1
5963,2
5964,2
5965,1
5966,7
5967,1
5968,1
5969,1
5970,3
5971,2
5972,2
5973,5
5974,13
5975,2
5976,5
5977,1
5978,1
5979,2
5980,1
5981,2
5982,1
5983,2
5984,2
5985,1
5986,4
5987,2
5988,4
5989,3
5990,2
5991,2
5992,4
5993,2
5994,1
5995,3
5996,1
5997,4
5998,1
5999,1
6000,3
6001,1
6002,2
6003,2
6004,2
6005,13
6006,2
6007,2
6008,9
6009,2
6010,1
6011,1
6012,1
6013,3
6014,1
6015,2
6016,1
6017,1
6018,2
6019,2
6020,1
6021,1
6022,1
6023,9
6024,3
6025,1
6026,14
6027,2
6028,1
6029,3
6030,2
6031,2
6032,1
6033,2
6034,4
6035,1
6036,1
6037,2
6038,3
6039,1
6040,2
6041,1
6042,2
6043,3
6044,2
6045,2
6046,2
6047,1
6048,1
6049,2
6050,2
6051,1
6052,2
6053,2
6054,2
6055,1
6056,1
6057,2
6058,1
6059,2
6060,1
6061,3
6062,2
6063,2
6064,2
6065,2
6066,2
6067,1
6068,2
6069,3
6070,2
6071,2
6072,2
6073,3
6074,1
6075,2
6076,1
6077,2
6078,3
6079,3
6080,1
6081,1
6082,2
6083,3
6084,1
6085,2
6086,3
6087,4
6088,2
6089,2
6090,3
6091,1
6092,1
6093,2
6094,2
6095,2
6096,2
6097,2
6098,1
6099,5
6100,1
6101,5
6102,2
6103,1
6104,2
6105,2
6106,2
6107,1
6108,3
6109,3
6110,2
6111,1
6112,1
6113,1
6114,8
6115,5
6116,3
6117,1
6118,4
6119,1
6120,2
6121,2
6122,3
6123,2
6124,1
6125,3
6126,4
6127,2
6128,2
6129,1
6130,2
6131,1
6132,2
6133,2
6134,2
6135,1
6136,1
6137,1
6138,4
6139,2
6140,2
6141,1
6142,1
6143,6
6144,2
6145,2
6146,2
6147,1
6148,2
6149,2
6150,1
6151,2
6152,2
6153,2
6154,1
6155,2
6156,1
6157,3
6158,1
6159,7
6160,4
6161,1
6162,2
6163,2
6164,1
6165,6
6166,3
6167,2
6168,1
6169,2
6170,3
6171,3
6172,7
6173,3
6174,1
6175,2
6176,5
6177,5
6178,2
6179,2
6180,3
6181,1
6182,1
6183,4
6184,5
6185,1
6186,4
6187,5
6188,8
6189,3
6190,3
6191,4
6192,3
6193,3
6194,1
6195,8
6196,2
6197,1
6198,2
6199,2
6200,3
6201,2
6202,1
6203,2
6204,1
6205,3
6206,2
6207,2
6208,2
6209,4
6210,3
6211,2
6212,1
6213,2
6214,1
6215,7
6216,3
6217,3
6218,4
6219,2
6220,2
6221,1
6222,1
6223,5
6224,2
6225,3
6226,2
6227,3
6228,1
6229,1
6230,1
6231,3
6232,5
6233,1
6234,3
6235,5
6236,2
6237,3
6238,2
6239,1
6240,4
6241,3
6242,4
6243,1
6244,2
6245,1
6246,2
6247,2
6248,1
6249,3
6250,1
6251,2
6252,2
6253,1
6254,1
6255,3
6256,1
6257,1
6258,2
6259,2
6260,1
6261,3
6262,1
6263,3
6264,2
6265,2
6266,1
6267,2
6268,2
6269,1
6270,1
6271,4
6272,2
6273,1
6274,2
6275,3
6276,1
6277,2
6278,1
6279,2
6280,1
6281,6
6282,1
6283,1
6284,4
6285,2
6286,1
6287,4
6288,1
6289,2
6290,3
6291,2
6292,1
6293,2
6294,2
6295,1
6296,1
6297,2
6298,2
6299,1
6300,7
6301,3
6302,3
6303,2
6304,2
6305,1
6306,2
6307,2
6308,2
6309,1
6310,3
6311,3
6312,7
6313,1
6314,0
6315,0
